date,records,median_gap_sec,max_gap_sec
2020-03-01,1362,60.5,789.039
2020-03-02,1428,60.5,789.039
2020-03-03,1416,60.5,789.039
2020-03-04,1424,60.5,789.039
2020-03-05,1426,60.5,789.039
2020-03-06,1423,60.5,789.039
2020-03-07,1419,60.5,789.039
2020-03-08,1416,60.5,789.039
2020-03-09,1416,60.5,789.039
2020-03-10,1420,60.5,789.039
2020-03-11,1393,60.5,789.039
2020-03-12,1420,60.5,789.039
2020-03-13,1384,60.5,789.039
2020-03-14,1346,60.5,789.039
2020-03-15,1426,60.5,789.039
2020-03-16,1418,60.5,789.039
2020-03-17,1425,60.5,789.039
2020-03-18,1400,60.5,789.039
2020-03-19,1338,60.5,789.039
2020-03-20,1359,60.5,789.039
2020-03-21,1420,60.5,789.039
2020-03-22,1367,60.5,789.039
2020-03-23,1347,60.5,789.039
2020-03-24,1376,60.5,789.039
2020-03-25,1423,60.5,789.039
2020-03-26,1398,60.5,789.039
2020-03-27,1405,60.5,789.039
2020-03-28,1351,60.5,789.039
2020-03-29,1300,60.5,789.039
2020-03-30,1417,60.5,789.039
2020-03-31,1417,60.5,789.039
